static_analysis_summary,score_breakdown_File Type Mismatch,score_breakdown_High Entropy,score_breakdown_Suspicious Strings,score_breakdown_YARA Matches,score_breakdown_PE Anomalies,score_breakdown_VirusTotal Detections,static_analysis_score,file_info_file_name,file_info_file_size_bytes,file_info_file_extension,file_info_true_file_type,file_info_entropy,hashes_md5,hashes_sha1,hashes_sha256,string_analysis_found_ips,string_analysis_found_urls,string_analysis_found_keywords,yara_analysis_error,pe_analysis_error,virustotal_report_error,ai_summary
['No suspicious indicators found.'],0,0,0,0,0,0,0,current,62,,JSON text data,4.420428827648151,685581ba4c063fffdcd556a011b0dc79,836898324e4d4320c20b07cfcfab200b4c912532,e3143ed66cdbb5c117962c7f67c87b1e0e3286716232e90c9920e77af28e8be6,[],[],[],YARA not installed or rules not compiled.,Not a valid PE file.,Not Found,"As a Senior SOC Analyst, the provided data, while currently showing no overt suspicious indicators, requires careful interpretation. The absence of findings from these *specific* checks does not equate to the absence of a threat. It could indicate sophisticated evasion techniques.

---

### 1. Threat Summary:

The current analysis shows **no suspicious indicators** via static file analysis, YARA rules, or VirusTotal. This suggests either a benign artifact or, more critically from a security standpoint, a **highly evasive or fileless threat.** Adversaries often employ techniques designed to bypass traditional signature-based and static detection methods, such as using Living-Off-The-Land Binaries (LOLBINs), scripting languages, memory-resident malware, or novel custom tools. **This lack of detection is not conclusive; further investigation is required** to determine the true nature and potential impact, focusing on behavioral anomalies and endpoint telemetry.

### 2. MITRE ATT&CK Mapping:

Given the lack of positive indicators from traditional static/signature analysis, the potential adversary behaviors likely revolve around **evasion** and **fileless execution**.

*   **TA0005 - Defense Evasion**
    *   **T1027 - Obfuscated Files or Information:** Adversaries might be using custom packers, encryption, or other obfuscation methods that bypass generic static analysis, YARA, and VirusTotal signatures.
    *   **T1218 - System Binary Proxy Execution (LOLBINs):** Using legitimate, signed system binaries (e.g., rundll32, regsvr32, mshta, PowerShell.exe, cmd.exe) to execute malicious code. These binaries themselves are not malicious, thus evading file-based detection.
    *   **T1036 - Masquerading:** Naming malicious files or processes to appear legitimate, potentially bypassing superficial static analysis or user scrutiny.
    *   **T1070.004 - Indicator Removal on Host: File Deletion:** If a malicious file was briefly present and then deleted post-execution, static analysis on its remnants would be ""clean.""

*   **TA0002 - Execution**
    *   **T1059 - Command and Scripting Interpreter:** Adversaries frequently leverage built-in interpreters like PowerShell (T1059.001), CMD (T1059.003), or Python to execute commands and scripts directly in memory, leaving no file on disk for traditional scanning. This ties directly into LOLBINs and fileless execution.

*   **TA0003 - Persistence**
    *   **T1547 - Boot or Logon Autostart Execution:** Even with fileless initial execution, adversaries often establish persistence using registry run keys, scheduled tasks, or WMI event subscriptions that trigger legitimate system processes or scripts upon reboot/login, rather than relying on a dropped malicious file."
